"CONCAT('SHOW CREATE TABLE ', table_name, ';')"
"SHOW CREATE TABLE address_loc;"
"SHOW CREATE TABLE antrian_samplestation;"
"SHOW CREATE TABLE antrian_upload;"
"SHOW CREATE TABLE auto_valid;"
"SHOW CREATE TABLE auto_valid_v2;"
"SHOW CREATE TABLE auto_verif;"
"SHOW CREATE TABLE auto_verif_v2;"
"SHOW CREATE TABLE biodata_confirm;"
"SHOW CREATE TABLE bkp_del_ss_price_mou;"
"SHOW CREATE TABLE bkp_m_delivery;"
"SHOW CREATE TABLE bkp_m_deliverytype;"
"SHOW CREATE TABLE bkp_m_doctor_before_gen_code;"
"SHOW CREATE TABLE bkp_m_mou;"
"SHOW CREATE TABLE bkp_nat_jpa;"
"SHOW CREATE TABLE bkp_nat_jpadetail;"
"SHOW CREATE TABLE bkp_nat_normalvaluelang;"
"SHOW CREATE TABLE bkp_nat_test;"
"SHOW CREATE TABLE bkp_nat_testlang;"
"SHOW CREATE TABLE bkp_nat_testlang_new;"
"SHOW CREATE TABLE bkp_ss_expertisi;"
"SHOW CREATE TABLE bkp_ss_piutang_test;"
"SHOW CREATE TABLE bkp_ss_piutang_test_02;"
"SHOW CREATE TABLE bkp_ss_price_mou;"
"SHOW CREATE TABLE bkp_ss_price_mou_2195;"
"SHOW CREATE TABLE bkp_t_packet;"
"SHOW CREATE TABLE bkp_t_packetdetail;"
"SHOW CREATE TABLE branch_ip;"
"SHOW CREATE TABLE conf_clinic;"
"SHOW CREATE TABLE conf_default;"
"SHOW CREATE TABLE conf_on_hold;"
"SHOW CREATE TABLE conf_refinternal;"
"SHOW CREATE TABLE conf_systems;"
"SHOW CREATE TABLE corp_report;"
"SHOW CREATE TABLE corp_upload;"
"SHOW CREATE TABLE corp_uploaderdetail;"
"SHOW CREATE TABLE courier_adhoc;"
"SHOW CREATE TABLE critical_value;"
"SHOW CREATE TABLE cr_order;"
"SHOW CREATE TABLE debug;"
"SHOW CREATE TABLE documentation_group;"
"SHOW CREATE TABLE documentation_group_detail;"
"SHOW CREATE TABLE done_ehac;"
"SHOW CREATE TABLE enword_below100;"
"SHOW CREATE TABLE enword_below20;"
"SHOW CREATE TABLE ext_api_key;"
"SHOW CREATE TABLE fisik_anggotagerak;"
"SHOW CREATE TABLE fisik_genitourinaria;"
"SHOW CREATE TABLE fisik_gigi;"
"SHOW CREATE TABLE fisik_gigi_kelainan;"
"SHOW CREATE TABLE fisik_hidung;"
"SHOW CREATE TABLE fisik_jantung;"
"SHOW CREATE TABLE fisik_keadaan_umum;"
"SHOW CREATE TABLE fisik_kebiasaanhidup;"
"SHOW CREATE TABLE fisik_kebiasaan_hidup;"
"SHOW CREATE TABLE fisik_keluhan;"
"SHOW CREATE TABLE fisik_kepala_wajah;"
"SHOW CREATE TABLE fisik_konsumsiobatteratur;"
"SHOW CREATE TABLE fisik_konsumsi_obat_teratur;"
"SHOW CREATE TABLE fisik_leher;"
"SHOW CREATE TABLE fisik_mata;"
"SHOW CREATE TABLE fisik_mulut;"
"SHOW CREATE TABLE fisik_paru;"
"SHOW CREATE TABLE fisik_penyakit;"
"SHOW CREATE TABLE fisik_penyakitkeluarga;"
"SHOW CREATE TABLE fisik_penyakit_keluarga;"
"SHOW CREATE TABLE fisik_persepsi_warna;"
"SHOW CREATE TABLE fisik_perut;"
"SHOW CREATE TABLE fisik_pobia;"
"SHOW CREATE TABLE fisik_sistemintegumen;"
"SHOW CREATE TABLE fisik_sistempersyarafan;"
"SHOW CREATE TABLE fisik_status_gizi;"
"SHOW CREATE TABLE fisik_tanda_vital;"
"SHOW CREATE TABLE fisik_telinga;"
"SHOW CREATE TABLE fisik_templateresult;"
"SHOW CREATE TABLE fisik_thorax;"
"SHOW CREATE TABLE fisik_visus_jauh;"
"SHOW CREATE TABLE fo_status;"
"SHOW CREATE TABLE fo_verificationslabel;"
"SHOW CREATE TABLE fo_verificationsvalue;"
"SHOW CREATE TABLE fo_verificationtype;"
"SHOW CREATE TABLE fo_verification_delivery;"
"SHOW CREATE TABLE fo_verification_delivery_add;"
"SHOW CREATE TABLE fo_verification_test;"
"SHOW CREATE TABLE fo_verification_test_add;"
"SHOW CREATE TABLE framingham_data;"
"SHOW CREATE TABLE framingham_riskofchd;"
"SHOW CREATE TABLE framingham_riskofstroke;"
"SHOW CREATE TABLE future_downpayment;"
"SHOW CREATE TABLE future_downpayment_detail;"
"SHOW CREATE TABLE future_map;"
"SHOW CREATE TABLE future_order;"
"SHOW CREATE TABLE future_orderdetail;"
"SHOW CREATE TABLE future_qrcode_confirm;"
"SHOW CREATE TABLE f_bill;"
"SHOW CREATE TABLE f_bill_confirm_issue;"
"SHOW CREATE TABLE f_bill_detail;"
"SHOW CREATE TABLE f_bill_issue;"
"SHOW CREATE TABLE f_bill_issue_extend;"
"SHOW CREATE TABLE f_bill_issue_pusat;"
"SHOW CREATE TABLE f_bill_issue_pusat_detail;"
"SHOW CREATE TABLE f_bill_issue_pusat_extend;"
"SHOW CREATE TABLE f_bill_issue_pusat_extend_mou;"
"SHOW CREATE TABLE f_bill_mou;"
"SHOW CREATE TABLE f_bill_payment;"
"SHOW CREATE TABLE f_bill_payment_detail;"
"SHOW CREATE TABLE f_bill_payment_pusat;"
"SHOW CREATE TABLE f_bill_payment_pusat_detail;"
"SHOW CREATE TABLE f_bill_payment_pusat_order;"
"SHOW CREATE TABLE f_bill_receive_log;"
"SHOW CREATE TABLE f_bill_titip;"
"SHOW CREATE TABLE f_bill_titip_detail;"
"SHOW CREATE TABLE f_bill_titip_lunas;"
"SHOW CREATE TABLE f_bill_titip_lunas_detail;"
"SHOW CREATE TABLE f_dp_labreference;"
"SHOW CREATE TABLE f_force_onhold;"
"SHOW CREATE TABLE f_memberdiscount;"
"SHOW CREATE TABLE f_payment;"
"SHOW CREATE TABLE f_paymentdetail;"
"SHOW CREATE TABLE f_payment_kasir;"
"SHOW CREATE TABLE f_payment_kasir_detail;"
"SHOW CREATE TABLE f_payment_orderheader;"
"SHOW CREATE TABLE f_payment_pusat;"
"SHOW CREATE TABLE f_payment_pusatdetail;"
"SHOW CREATE TABLE f_payment_test;"
"SHOW CREATE TABLE f_payment_voucher;"
"SHOW CREATE TABLE f_reg_sendtransaction;"
"SHOW CREATE TABLE f_returcharge;"
"SHOW CREATE TABLE group_result;"
"SHOW CREATE TABLE group_resultdetail;"
"SHOW CREATE TABLE group_result_entry;"
"SHOW CREATE TABLE g_moustatuslog;"
"SHOW CREATE TABLE g_receivereferenceheaderstatuslog;"
"SHOW CREATE TABLE helper_bahan;"
"SHOW CREATE TABLE helper_nattests;"
"SHOW CREATE TABLE helper_order;"
"SHOW CREATE TABLE helper_sst;"
"SHOW CREATE TABLE helper_sstcall;"
"SHOW CREATE TABLE hs_upload;"
"SHOW CREATE TABLE incoming_ref;"
"SHOW CREATE TABLE incoming_ref_child;"
"SHOW CREATE TABLE incoming_ref_detail;"
"SHOW CREATE TABLE itf_raw;"
"SHOW CREATE TABLE itf_result;"
"SHOW CREATE TABLE jpa_test;"
"SHOW CREATE TABLE keu_reminder;"
"SHOW CREATE TABLE keu_reminder_pusat;"
"SHOW CREATE TABLE keu_reminder_titip;"
"SHOW CREATE TABLE last_sampling_so_status;"
"SHOW CREATE TABLE last_status;"
"SHOW CREATE TABLE last_statusgroup;"
"SHOW CREATE TABLE last_statuspayment;"
"SHOW CREATE TABLE last_statuspx;"
"SHOW CREATE TABLE last_statussample;"
"SHOW CREATE TABLE lcprep_adekuasi;"
"SHOW CREATE TABLE lcprep_interpretasi;"
"SHOW CREATE TABLE lcprep_interpretasigroup;"
"SHOW CREATE TABLE lcprep_interpretasisubgroup;"
"SHOW CREATE TABLE lcprep_kategoriumum;"
"SHOW CREATE TABLE letter_other;"
"SHOW CREATE TABLE log_confirm_eform;"
"SHOW CREATE TABLE log_other_fna;"
"SHOW CREATE TABLE log_other_fnadetails;"
"SHOW CREATE TABLE log_other_lcprep;"
"SHOW CREATE TABLE log_other_lcprepadekuasi;"
"SHOW CREATE TABLE log_other_lcprepdetails;"
"SHOW CREATE TABLE log_other_lcprepinterpretasi;"
"SHOW CREATE TABLE log_other_lcprepkategoriumum;"
"SHOW CREATE TABLE log_other_papsmear;"
"SHOW CREATE TABLE log_other_papsmearbahan;"
"SHOW CREATE TABLE log_other_papsmearcategory;"
"SHOW CREATE TABLE log_other_papsmearcheck;"
"SHOW CREATE TABLE log_other_papsmeardetails;"
"SHOW CREATE TABLE log_other_papsmearmaturasi;"
"SHOW CREATE TABLE log_other_patologianatomy;"
"SHOW CREATE TABLE log_payment_titip_detail;"
"SHOW CREATE TABLE log_type;"
"SHOW CREATE TABLE log_user;"
"SHOW CREATE TABLE management_courier;"
"SHOW CREATE TABLE map_mcu_patient;"
"SHOW CREATE TABLE map_mcu_patient_address;"
"SHOW CREATE TABLE map_mou;"
"SHOW CREATE TABLE map_word;"
"SHOW CREATE TABLE map_word_lang;"
"SHOW CREATE TABLE mcu_agreement;"
"SHOW CREATE TABLE mcu_agreementtype;"
"SHOW CREATE TABLE mcu_agreement_customer;"
"SHOW CREATE TABLE mcu_agreement_facility;"
"SHOW CREATE TABLE mcu_agreement_formula;"
"SHOW CREATE TABLE mcu_agreement_implementation;"
"SHOW CREATE TABLE mcu_agreement_marketing;"
"SHOW CREATE TABLE mcu_agreement_notes;"
"SHOW CREATE TABLE mcu_agreement_price;"
"SHOW CREATE TABLE mcu_agreement_promise;"
"SHOW CREATE TABLE mcu_agreement_result_type;"
"SHOW CREATE TABLE mcu_agreement_scopework;"
"SHOW CREATE TABLE mcu_agreement_send_result;"
"SHOW CREATE TABLE mcu_download;"
"SHOW CREATE TABLE mcu_fitness;"
"SHOW CREATE TABLE mcu_map_order;"
"SHOW CREATE TABLE mcu_note_detail;"
"SHOW CREATE TABLE mcu_note_header;"
"SHOW CREATE TABLE mcu_offline_prepare;"
"SHOW CREATE TABLE mcu_offline_prepare_deliveries;"
"SHOW CREATE TABLE mcu_offline_upload_v2;"
"SHOW CREATE TABLE mcu_patient;"
"SHOW CREATE TABLE mcu_preregister;"
"SHOW CREATE TABLE mcu_preregister_details;"
"SHOW CREATE TABLE mcu_preregister_patients;"
"SHOW CREATE TABLE mcu_preregister_tests;"
"SHOW CREATE TABLE mcu_reporttemplate;"
"SHOW CREATE TABLE mcu_reporttemplatedetail;"
"SHOW CREATE TABLE mcu_resume;"
"SHOW CREATE TABLE mcu_resumedetails;"
"SHOW CREATE TABLE mcu_resumeother;"
"SHOW CREATE TABLE mcu_resume_printout;"
"SHOW CREATE TABLE mcu_screening;"
"SHOW CREATE TABLE mcu_statusresult;"
"SHOW CREATE TABLE mcu_statusresult_detail;"
"SHOW CREATE TABLE mcu_statusresult_value;"
"SHOW CREATE TABLE member_eligible;"
"SHOW CREATE TABLE member_packet;"
"SHOW CREATE TABLE member_packet_detail;"
"SHOW CREATE TABLE member_point_confirm;"
"SHOW CREATE TABLE member_test_eksoteris;"
"SHOW CREATE TABLE meshbio_confirm;"
"SHOW CREATE TABLE meshbio_email;"
"SHOW CREATE TABLE meshbio_log;"
"SHOW CREATE TABLE meshbio_patient;"
"SHOW CREATE TABLE meshbio_session;"
"SHOW CREATE TABLE meshbio_token;"
"SHOW CREATE TABLE mitra_upload;"
"SHOW CREATE TABLE mou_hold_status;"
"SHOW CREATE TABLE mou_hold_titip;"
"SHOW CREATE TABLE m_advice_fisik;"
"SHOW CREATE TABLE m_agingtype;"
"SHOW CREATE TABLE m_akreditasi;"
"SHOW CREATE TABLE m_akreditasipx;"
"SHOW CREATE TABLE m_almari;"
"SHOW CREATE TABLE m_bank_account;"
"SHOW CREATE TABLE m_bestseller;"
"SHOW CREATE TABLE m_billtype;"
"SHOW CREATE TABLE m_branch;"
"SHOW CREATE TABLE m_carousel;"
"SHOW CREATE TABLE m_city;"
"SHOW CREATE TABLE m_company;"
"SHOW CREATE TABLE m_companybusiness;"
"SHOW CREATE TABLE m_companystaffposition;"
"SHOW CREATE TABLE m_companytype;"
"SHOW CREATE TABLE m_consumable;"
"SHOW CREATE TABLE m_courier;"
"SHOW CREATE TABLE m_courierstatusreceive;"
"SHOW CREATE TABLE m_courier_area;"
"SHOW CREATE TABLE m_dayofweek;"
"SHOW CREATE TABLE m_delivery;"
"SHOW CREATE TABLE m_deliverytype;"
"SHOW CREATE TABLE m_dflt_allergy;"
"SHOW CREATE TABLE m_dflt_chestabdomen;"
"SHOW CREATE TABLE m_dflt_drugconsumption;"
"SHOW CREATE TABLE m_dflt_eyes;"
"SHOW CREATE TABLE m_dflt_generalcondition;"
"SHOW CREATE TABLE m_dflt_lifestyle;"
"SHOW CREATE TABLE m_dflt_medicalhistory;"
"SHOW CREATE TABLE m_dflt_nerve;"
"SHOW CREATE TABLE m_dflt_tht;"
"SHOW CREATE TABLE m_dflt_tooth;"
"SHOW CREATE TABLE m_dflt_vitalsign;"
"SHOW CREATE TABLE m_dflt_vitalsign_cbx;"
"SHOW CREATE TABLE m_difference;"
"SHOW CREATE TABLE m_district;"
"SHOW CREATE TABLE m_doctor;"
"SHOW CREATE TABLE m_doctoraddress;"
"SHOW CREATE TABLE m_doctormcu;"
"SHOW CREATE TABLE m_doctorpj;"
"SHOW CREATE TABLE m_doctorso;"
"SHOW CREATE TABLE m_doctor_gen_code;"
"SHOW CREATE TABLE m_doctor_new_code;"
"SHOW CREATE TABLE m_eksposi;"
"SHOW CREATE TABLE m_emailconfig;"
"SHOW CREATE TABLE m_fpp_type;"
"SHOW CREATE TABLE m_idtype;"
"SHOW CREATE TABLE m_instrumentassay;"
"SHOW CREATE TABLE m_instrumentconvert;"
"SHOW CREATE TABLE m_instrumentmethode;"
"SHOW CREATE TABLE m_itemadditional;"
"SHOW CREATE TABLE m_itemadditionaltest;"
"SHOW CREATE TABLE m_k3_allergy;"
"SHOW CREATE TABLE m_k3_chestabdomen;"
"SHOW CREATE TABLE m_k3_drugconsumption;"
"SHOW CREATE TABLE m_k3_eyes;"
"SHOW CREATE TABLE m_k3_generalcondition;"
"SHOW CREATE TABLE m_k3_lifestyle;"
"SHOW CREATE TABLE m_k3_medicalhistory;"
"SHOW CREATE TABLE m_k3_nerve;"
"SHOW CREATE TABLE m_k3_tht;"
"SHOW CREATE TABLE m_k3_tooth;"
"SHOW CREATE TABLE m_k3_vitalsign;"
"SHOW CREATE TABLE m_k3_vitalsign_cbx;"
"SHOW CREATE TABLE m_k3_workplace_accident;"
"SHOW CREATE TABLE m_k3_workplace_hazards;"
"SHOW CREATE TABLE m_kelurahan;"
"SHOW CREATE TABLE m_labreference;"
"SHOW CREATE TABLE m_lang;"
"SHOW CREATE TABLE m_location;"
"SHOW CREATE TABLE m_mcunonlab;"
"SHOW CREATE TABLE m_methodesperma;"
"SHOW CREATE TABLE m_methode_priority;"
"SHOW CREATE TABLE m_mou;"
"SHOW CREATE TABLE m_mouaddon;"
"SHOW CREATE TABLE m_moudelete;"
"SHOW CREATE TABLE m_moutype;"
"SHOW CREATE TABLE m_nonsample;"
"SHOW CREATE TABLE m_noteextra;"
"SHOW CREATE TABLE m_no_form;"
"SHOW CREATE TABLE m_omzettype;"
"SHOW CREATE TABLE m_papsmearbahan;"
"SHOW CREATE TABLE m_papsmearcategory;"
"SHOW CREATE TABLE m_papsmearcheck;"
"SHOW CREATE TABLE m_patient;"
"SHOW CREATE TABLE m_patientaddress;"
"SHOW CREATE TABLE m_patientsuspend;"
"SHOW CREATE TABLE m_patient_nat_download;"
"SHOW CREATE TABLE m_patient_nat_edit;"
"SHOW CREATE TABLE m_patient_nat_log;"
"SHOW CREATE TABLE m_patient_nat_validation;"
"SHOW CREATE TABLE m_patient_nat_verif;"
"SHOW CREATE TABLE m_paymenttype;"
"SHOW CREATE TABLE m_pic;"
"SHOW CREATE TABLE m_pic_type;"
"SHOW CREATE TABLE m_position;"
"SHOW CREATE TABLE m_position_xxx;"
"SHOW CREATE TABLE m_province;"
"SHOW CREATE TABLE m_qc;"
"SHOW CREATE TABLE m_qckualitatif;"
"SHOW CREATE TABLE m_qc_result;"
"SHOW CREATE TABLE m_qc_resultkualitatif;"
"SHOW CREATE TABLE m_qc_resultkualitatif_log;"
"SHOW CREATE TABLE m_qc_result_log;"
"SHOW CREATE TABLE m_rack;"
"SHOW CREATE TABLE m_reference;"
"SHOW CREATE TABLE m_reg_day;"
"SHOW CREATE TABLE m_reg_kuota;"
"SHOW CREATE TABLE m_reg_kuota_log;"
"SHOW CREATE TABLE m_reg_packetsale;"
"SHOW CREATE TABLE m_reg_packetsaleoption;"
"SHOW CREATE TABLE m_reg_packetwork;"
"SHOW CREATE TABLE m_reg_schedule;"
"SHOW CREATE TABLE m_reg_scheduledetail;"
"SHOW CREATE TABLE m_reg_time;"
"SHOW CREATE TABLE m_religion;"
"SHOW CREATE TABLE m_samplingtime;"
"SHOW CREATE TABLE m_satellite;"
"SHOW CREATE TABLE m_satuan;"
"SHOW CREATE TABLE m_schedule;"
"SHOW CREATE TABLE m_schedulegroup;"
"SHOW CREATE TABLE m_schedulegrouptest;"
"SHOW CREATE TABLE m_sex;"
"SHOW CREATE TABLE m_specialist;"
"SHOW CREATE TABLE m_staff;"
"SHOW CREATE TABLE m_staff_cimahi;"
"SHOW CREATE TABLE m_staff_pajajaran;"
"SHOW CREATE TABLE m_staff_riau;"
"SHOW CREATE TABLE m_staff_toha;"
"SHOW CREATE TABLE m_staff_xxx;"
"SHOW CREATE TABLE m_status;"
"SHOW CREATE TABLE m_statusdetail;"
"SHOW CREATE TABLE m_statusref;"
"SHOW CREATE TABLE m_statusreference;"
"SHOW CREATE TABLE m_statussample;"
"SHOW CREATE TABLE m_subarea;"
"SHOW CREATE TABLE m_supplies;"
"SHOW CREATE TABLE m_template_msg;"
"SHOW CREATE TABLE m_time;"
"SHOW CREATE TABLE m_title;"
"SHOW CREATE TABLE m_user;"
"SHOW CREATE TABLE m_usergroup;"
"SHOW CREATE TABLE m_value;"
"SHOW CREATE TABLE m_vendorsample;"
"SHOW CREATE TABLE nat_advice;"
"SHOW CREATE TABLE nat_advice_abnormal;"
"SHOW CREATE TABLE nat_advice_fisik;"
"SHOW CREATE TABLE nat_bahan;"
"SHOW CREATE TABLE nat_bank;"
"SHOW CREATE TABLE nat_branch;"
"SHOW CREATE TABLE nat_cito;"
"SHOW CREATE TABLE nat_companylevel;"
"SHOW CREATE TABLE nat_condition;"
"SHOW CREATE TABLE nat_delta_check;"
"SHOW CREATE TABLE nat_delta_type;"
"SHOW CREATE TABLE nat_flag;"
"SHOW CREATE TABLE nat_group;"
"SHOW CREATE TABLE nat_hierarchy;"
"SHOW CREATE TABLE nat_inkonsistensi;"
"SHOW CREATE TABLE nat_inkonsistensi_detail;"
"SHOW CREATE TABLE nat_instrument;"
"SHOW CREATE TABLE nat_jpa;"
"SHOW CREATE TABLE nat_jpadetail;"
"SHOW CREATE TABLE nat_jpagroup;"
"SHOW CREATE TABLE nat_lang;"
"SHOW CREATE TABLE nat_mcunormalnolab;"
"SHOW CREATE TABLE nat_methode;"
"SHOW CREATE TABLE nat_methodeunit;"
"SHOW CREATE TABLE nat_multirule;"
"SHOW CREATE TABLE nat_multirule_detail;"
"SHOW CREATE TABLE nat_nonlab_test_loinc;"
"SHOW CREATE TABLE nat_normalvalue;"
"SHOW CREATE TABLE nat_normalvaluelang;"
"SHOW CREATE TABLE nat_normalvaluetype;"
"SHOW CREATE TABLE nat_position;"
"SHOW CREATE TABLE nat_price_rujukan;"
"SHOW CREATE TABLE nat_price_rujukantype;"
"SHOW CREATE TABLE nat_qc;"
"SHOW CREATE TABLE nat_qckualitatif;"
"SHOW CREATE TABLE nat_qc_control;"
"SHOW CREATE TABLE nat_qc_controlkualitatif;"
"SHOW CREATE TABLE nat_qc_level;"
"SHOW CREATE TABLE nat_qc_rule;"
"SHOW CREATE TABLE nat_reflexmandatory;"
"SHOW CREATE TABLE nat_reflextest;"
"SHOW CREATE TABLE nat_regional;"
"SHOW CREATE TABLE nat_relation;"
"SHOW CREATE TABLE nat_requirement;"
"SHOW CREATE TABLE nat_requirementposition;"
"SHOW CREATE TABLE nat_sampletype;"
"SHOW CREATE TABLE nat_sex;"
"SHOW CREATE TABLE nat_sigma;"
"SHOW CREATE TABLE nat_sigmadetail;"
"SHOW CREATE TABLE nat_staff;"
"SHOW CREATE TABLE nat_subgroup;"
"SHOW CREATE TABLE nat_subsubgroup;"
"SHOW CREATE TABLE nat_tat_group;"
"SHOW CREATE TABLE nat_tat_item;"
"SHOW CREATE TABLE nat_test;"
"SHOW CREATE TABLE nat_testlang;"
"SHOW CREATE TABLE nat_testone;"
"SHOW CREATE TABLE nat_testrequirement;"
"SHOW CREATE TABLE nat_testselllocal;"
"SHOW CREATE TABLE nat_testtype;"
"SHOW CREATE TABLE nat_test_loinc;"
"SHOW CREATE TABLE nat_trend_analysis;"
"SHOW CREATE TABLE nat_unit;"
"SHOW CREATE TABLE nat_unitlang;"
"SHOW CREATE TABLE new_number_map;"
"SHOW CREATE TABLE noreg_prefix;"
"SHOW CREATE TABLE number_map;"
"SHOW CREATE TABLE old_number_map;"
"SHOW CREATE TABLE old_user_report;"
"SHOW CREATE TABLE one_result_confirm;"
"SHOW CREATE TABLE one_result_log;"
"SHOW CREATE TABLE order_attr;"
"SHOW CREATE TABLE order_delivery;"
"SHOW CREATE TABLE order_doctor_additional;"
"SHOW CREATE TABLE order_log;"
"SHOW CREATE TABLE order_px;"
"SHOW CREATE TABLE order_px_log;"
"SHOW CREATE TABLE other_cytologi;"
"SHOW CREATE TABLE other_cytologidetails;"
"SHOW CREATE TABLE other_dnafragmentasi;"
"SHOW CREATE TABLE other_dnafragmentasimethode;"
"SHOW CREATE TABLE other_fna;"
"SHOW CREATE TABLE other_fnadetails;"
"SHOW CREATE TABLE other_lcprep;"
"SHOW CREATE TABLE other_lcprepadekuasi;"
"SHOW CREATE TABLE other_lcprepdetails;"
"SHOW CREATE TABLE other_lcprepinterpretasi;"
"SHOW CREATE TABLE other_lcprepkategoriumum;"
"SHOW CREATE TABLE other_mikro;"
"SHOW CREATE TABLE other_mikrodetails;"
"SHOW CREATE TABLE other_papsmear;"
"SHOW CREATE TABLE other_papsmearbahan;"
"SHOW CREATE TABLE other_papsmearcategory;"
"SHOW CREATE TABLE other_papsmearcheck;"
"SHOW CREATE TABLE other_papsmeardetails;"
"SHOW CREATE TABLE other_papsmearmaturasi;"
"SHOW CREATE TABLE other_patologi_anatomy;"
"SHOW CREATE TABLE other_preparasisperma;"
"SHOW CREATE TABLE other_preparasisperma_img;"
"SHOW CREATE TABLE o_city;"
"SHOW CREATE TABLE o_district;"
"SHOW CREATE TABLE o_kelurahan;"
"SHOW CREATE TABLE o_province;"
"SHOW CREATE TABLE pajanan;"
"SHOW CREATE TABLE payment_rk;"
"SHOW CREATE TABLE pb_upload;"
"SHOW CREATE TABLE pg_bank;"
"SHOW CREATE TABLE pre_analytic;"
"SHOW CREATE TABLE print_barcode_so_log;"
"SHOW CREATE TABLE result_authorization;"
"SHOW CREATE TABLE result_courier;"
"SHOW CREATE TABLE result_couriercominghome;"
"SHOW CREATE TABLE result_couriercominghome_details;"
"SHOW CREATE TABLE result_courierspk;"
"SHOW CREATE TABLE result_courierspk_detail;"
"SHOW CREATE TABLE result_courierspk_detail_step_by_step;"
"SHOW CREATE TABLE result_email;"
"SHOW CREATE TABLE result_frontoffice;"
"SHOW CREATE TABLE result_frontoffice_by_step;"
"SHOW CREATE TABLE result_handlingdifftime;"
"SHOW CREATE TABLE result_handover;"
"SHOW CREATE TABLE result_handoveremail;"
"SHOW CREATE TABLE result_handoveremail_log;"
"SHOW CREATE TABLE result_handoveremail_step;"
"SHOW CREATE TABLE result_handoverpatient;"
"SHOW CREATE TABLE result_handoverpatient_log;"
"SHOW CREATE TABLE result_office;"
"SHOW CREATE TABLE result_processtooffice;"
"SHOW CREATE TABLE result_processtooffice_log;"
"SHOW CREATE TABLE result_receive;"
"SHOW CREATE TABLE result_sendcourier;"
"SHOW CREATE TABLE result_sendcourier_by_step;"
"SHOW CREATE TABLE result_sendemail;"
"SHOW CREATE TABLE result_sendemail_by_step;"
"SHOW CREATE TABLE result_verifications;"
"SHOW CREATE TABLE result_verifications_value;"
"SHOW CREATE TABLE result_verification_by_step;"
"SHOW CREATE TABLE result_wa;"
"SHOW CREATE TABLE rujukan_bahan;"
"SHOW CREATE TABLE r_inputtype;"
"SHOW CREATE TABLE r_report;"
"SHOW CREATE TABLE r_reportdetail;"
"SHOW CREATE TABLE r_reportgroup;"
"SHOW CREATE TABLE sample_by_step;"
"SHOW CREATE TABLE sample_so_by_step;"
"SHOW CREATE TABLE sampling_note_station;"
"SHOW CREATE TABLE sampling_note_station_by_save;"
"SHOW CREATE TABLE snap_doctor_fee;"
"SHOW CREATE TABLE so_imageupload;"
"SHOW CREATE TABLE so_resultentry;"
"SHOW CREATE TABLE so_resultentrydetail;"
"SHOW CREATE TABLE so_resultentrydetail_other;"
"SHOW CREATE TABLE so_resultentry_category_result;"
"SHOW CREATE TABLE so_resultentry_fisik_umum;"
"SHOW CREATE TABLE so_resultentry_last_status;"
"SHOW CREATE TABLE so_resultentry_other;"
"SHOW CREATE TABLE so_resultentry_smwt;"
"SHOW CREATE TABLE so_resultentry_smwt_details;"
"SHOW CREATE TABLE so_signature;"
"SHOW CREATE TABLE so_template;"
"SHOW CREATE TABLE so_templatedetail;"
"SHOW CREATE TABLE so_templatedetail_100820;"
"SHOW CREATE TABLE so_templatedetail_bckp;"
"SHOW CREATE TABLE so_templatedetail_old;"
"SHOW CREATE TABLE so_templatelabel;"
"SHOW CREATE TABLE so_templatevalue;"
"SHOW CREATE TABLE so_template_100820;"
"SHOW CREATE TABLE so_template_bckp;"
"SHOW CREATE TABLE so_template_old;"
"SHOW CREATE TABLE so_testtemplate;"
"SHOW CREATE TABLE so_testtemplate_100820;"
"SHOW CREATE TABLE so_testtemplate_bckp;"
"SHOW CREATE TABLE so_testtemplate_mcu;"
"SHOW CREATE TABLE so_testtemplate_old;"
"SHOW CREATE TABLE so_walklettercourier;"
"SHOW CREATE TABLE so_walklettercourierdetail;"
"SHOW CREATE TABLE so_walkletterresult;"
"SHOW CREATE TABLE so_walkletterresultdetail;"
"SHOW CREATE TABLE ssr_mr01;"
"SHOW CREATE TABLE ssr_mr03;"
"SHOW CREATE TABLE ssr_mr03b;"
"SHOW CREATE TABLE ssr_mr03_nc;"
"SHOW CREATE TABLE ssr_mr04;"
"SHOW CREATE TABLE ssr_mr05;"
"SHOW CREATE TABLE ssr_mr05_piutang;"
"SHOW CREATE TABLE ssr_mr07;"
"SHOW CREATE TABLE ssr_mr07b;"
"SHOW CREATE TABLE ssr_mr09;"
"SHOW CREATE TABLE ssr_mr11;"
"SHOW CREATE TABLE ss_expertisi;"
"SHOW CREATE TABLE ss_mou_profile;"
"SHOW CREATE TABLE ss_no_promise;"
"SHOW CREATE TABLE ss_no_promise_mou;"
"SHOW CREATE TABLE ss_piutang;"
"SHOW CREATE TABLE ss_piutang_packet;"
"SHOW CREATE TABLE ss_piutang_payment;"
"SHOW CREATE TABLE ss_piutang_test;"
"SHOW CREATE TABLE ss_piutang_test_backup;"
"SHOW CREATE TABLE ss_price_mou;"
"SHOW CREATE TABLE ss_price_mou_del;"
"SHOW CREATE TABLE ss_price_mou_px;"
"SHOW CREATE TABLE ss_price_mou_v2;"
"SHOW CREATE TABLE ss_price_mou_v3;"
"SHOW CREATE TABLE ss_rpt_044;"
"SHOW CREATE TABLE ss_tat_v2;"
"SHOW CREATE TABLE ss_tat_v2b;"
"SHOW CREATE TABLE ss_tat_v2b_n;"
"SHOW CREATE TABLE ss_tat_v2c;"
"SHOW CREATE TABLE ss_tat_v2c_n;"
"SHOW CREATE TABLE ss_tat_v2_n;"
"SHOW CREATE TABLE ss_tat_v2_nonlab;"
"SHOW CREATE TABLE ss_tat_v2_nonlab_n;"
"SHOW CREATE TABLE subservice;"
"SHOW CREATE TABLE subservice_kuota;"
"SHOW CREATE TABLE subservice_kuota_detail;"
"SHOW CREATE TABLE summary_samplestorage;"
"SHOW CREATE TABLE sys_faktur_08;"
"SHOW CREATE TABLE sys_faktur_08_nomor;"
"SHOW CREATE TABLE sys_faktur_08_sum;"
"SHOW CREATE TABLE sys_f_kapus;"
"SHOW CREATE TABLE sys_f_kapus_sum;"
"SHOW CREATE TABLE sys_kapus;"
"SHOW CREATE TABLE s_menu;"
"SHOW CREATE TABLE s_numbering;"
"SHOW CREATE TABLE s_privilege;"
"SHOW CREATE TABLE s_regional;"
"SHOW CREATE TABLE s_regonline_upload;"
"SHOW CREATE TABLE temp_bill;"
"SHOW CREATE TABLE temp_bill_confirm;"
"SHOW CREATE TABLE temp_bill_pusat;"
"SHOW CREATE TABLE tmp_raw_tyro;"
"SHOW CREATE TABLE token_mcu_api;"
"SHOW CREATE TABLE translate_word;"
"SHOW CREATE TABLE tx_branch_status;"
"SHOW CREATE TABLE tx_mou_release;"
"SHOW CREATE TABLE tx_whatsapp;"
"SHOW CREATE TABLE tx_whatsappdetail;"
"SHOW CREATE TABLE tx_whatsapp_partial;"
"SHOW CREATE TABLE t_addon;"
"SHOW CREATE TABLE t_antibiotic;"
"SHOW CREATE TABLE t_bacteria;"
"SHOW CREATE TABLE t_bahan;"
"SHOW CREATE TABLE t_barcodelab;"
"SHOW CREATE TABLE t_category;"
"SHOW CREATE TABLE t_email_nonlab;"
"SHOW CREATE TABLE t_favorite;"
"SHOW CREATE TABLE t_favorite_adhi;"
"SHOW CREATE TABLE t_instrument;"
"SHOW CREATE TABLE t_instrument_local;"
"SHOW CREATE TABLE t_instrument_used;"
"SHOW CREATE TABLE t_nonlab;"
"SHOW CREATE TABLE t_onlineorder;"
"SHOW CREATE TABLE t_onlinetx;"
"SHOW CREATE TABLE t_orderaddon;"
"SHOW CREATE TABLE t_orderauthorization;"
"SHOW CREATE TABLE t_orderdelivery;"
"SHOW CREATE TABLE t_orderdeliverynote;"
"SHOW CREATE TABLE t_orderdetail;"
"SHOW CREATE TABLE t_orderdetailaddon;"
"SHOW CREATE TABLE t_orderdetaillang;"
"SHOW CREATE TABLE t_orderdetail_daily;"
"SHOW CREATE TABLE t_orderheader;"
"SHOW CREATE TABLE t_orderheaderaddon;"
"SHOW CREATE TABLE t_orderheaderlang;"
"SHOW CREATE TABLE t_orderheaderuser;"
"SHOW CREATE TABLE t_orderheader_daily;"
"SHOW CREATE TABLE t_orderlocationsampling;"
"SHOW CREATE TABLE t_ordermemberdiscount;"
"SHOW CREATE TABLE t_ordermessage;"
"SHOW CREATE TABLE t_orderphysic;"
"SHOW CREATE TABLE t_orderphysic_allergy;"
"SHOW CREATE TABLE t_orderphysic_chestabdomen;"
"SHOW CREATE TABLE t_orderphysic_complaintnote;"
"SHOW CREATE TABLE t_orderphysic_conclusion;"
"SHOW CREATE TABLE t_orderphysic_drugconsumption;"
"SHOW CREATE TABLE t_orderphysic_eyes;"
"SHOW CREATE TABLE t_orderphysic_generalcondition;"
"SHOW CREATE TABLE t_orderphysic_lifestyle;"
"SHOW CREATE TABLE t_orderphysic_medicalhistory;"
"SHOW CREATE TABLE t_orderphysic_nerve;"
"SHOW CREATE TABLE t_orderphysic_suggestion;"
"SHOW CREATE TABLE t_orderphysic_tht;"
"SHOW CREATE TABLE t_orderphysic_tooth;"
"SHOW CREATE TABLE t_orderphysic_workplaceaccident;"
"SHOW CREATE TABLE t_orderphysic_workplacehazards;"
"SHOW CREATE TABLE t_orderpromise;"
"SHOW CREATE TABLE t_orderpysic_vitalsign;"
"SHOW CREATE TABLE t_orderreference;"
"SHOW CREATE TABLE t_orderrefint;"
"SHOW CREATE TABLE t_orderrefintdetail;"
"SHOW CREATE TABLE t_orderrefmaster;"
"SHOW CREATE TABLE t_orderrefout;"
"SHOW CREATE TABLE t_orderrefoutheader;"
"SHOW CREATE TABLE t_orderrefoutsample;"
"SHOW CREATE TABLE t_orderrefprice;"
"SHOW CREATE TABLE t_orderreq;"
"SHOW CREATE TABLE t_ordersample;"
"SHOW CREATE TABLE t_ordersampleaddon;"
"SHOW CREATE TABLE t_ordersamplereq;"
"SHOW CREATE TABLE t_ordersupplies;"
"SHOW CREATE TABLE t_ordertx;"
"SHOW CREATE TABLE t_order_calc;"
"SHOW CREATE TABLE t_order_icd10;"
"SHOW CREATE TABLE t_order_location;"
"SHOW CREATE TABLE t_packet;"
"SHOW CREATE TABLE t_packetdetail;"
"SHOW CREATE TABLE t_packet_14sep2020;"
"SHOW CREATE TABLE t_paymentdaily;"
"SHOW CREATE TABLE t_paymentdetail_daily;"
"SHOW CREATE TABLE t_price;"
"SHOW CREATE TABLE t_priceaddon;"
"SHOW CREATE TABLE t_priceref;"
"SHOW CREATE TABLE t_profile;"
"SHOW CREATE TABLE t_profiledetail;"
"SHOW CREATE TABLE t_receiverefacceptcourier;"
"SHOW CREATE TABLE t_receiverefacceptcourierdetail;"
"SHOW CREATE TABLE t_receiverefacceptcourierdp;"
"SHOW CREATE TABLE t_receiverefdistributcourier;"
"SHOW CREATE TABLE t_receiverefdistributcourierdetail;"
"SHOW CREATE TABLE t_receivereferencedelivery;"
"SHOW CREATE TABLE t_receivereferencedeliverydetail;"
"SHOW CREATE TABLE t_receivereferenceheader;"
"SHOW CREATE TABLE t_receivereferencepatient;"
"SHOW CREATE TABLE t_receivereferencetest;"
"SHOW CREATE TABLE t_ref_deliveryorder;"
"SHOW CREATE TABLE t_ref_deliveryorder_child;"
"SHOW CREATE TABLE t_ref_deliveryorder_detail;"
"SHOW CREATE TABLE t_resultinstrument;"
"SHOW CREATE TABLE t_resultoption;"
"SHOW CREATE TABLE t_resulttemplate;"
"SHOW CREATE TABLE t_sampleimg;"
"SHOW CREATE TABLE t_samplestation;"
"SHOW CREATE TABLE t_samplestorage;"
"SHOW CREATE TABLE t_samplestoragedestroy;"
"SHOW CREATE TABLE t_samplestoragedestroy_detail;"
"SHOW CREATE TABLE t_samplestoragedestroy_detailnonsample;"
"SHOW CREATE TABLE t_samplestorageempty;"
"SHOW CREATE TABLE t_samplestorageemptydetail;"
"SHOW CREATE TABLE t_samplestorageout;"
"SHOW CREATE TABLE t_samplestorageout_detail;"
"SHOW CREATE TABLE t_samplestorage_detail;"
"SHOW CREATE TABLE t_sampletype;"
"SHOW CREATE TABLE t_samplingso;"
"SHOW CREATE TABLE t_samplingso_film;"
"SHOW CREATE TABLE t_samplingso_form;"
"SHOW CREATE TABLE t_samplingso_form_addon;"
"SHOW CREATE TABLE t_samplingso_requirement;"
"SHOW CREATE TABLE t_sampling_clinic_queue_by_action;"
"SHOW CREATE TABLE t_sampling_clinic_queue_last_status;"
"SHOW CREATE TABLE t_sampling_queue_by_action;"
"SHOW CREATE TABLE t_sampling_queue_last_status;"
"SHOW CREATE TABLE t_sampling_queue_last_status_so;"
"SHOW CREATE TABLE t_sampling_queue_status;"
"SHOW CREATE TABLE t_specimenlocal;"
"SHOW CREATE TABLE t_subcategory;"
"SHOW CREATE TABLE t_subcategory_test;"
"SHOW CREATE TABLE t_test;"
"SHOW CREATE TABLE t_testcalculation;"
"SHOW CREATE TABLE t_testcalculation_detail;"
"SHOW CREATE TABLE t_testconclusion;"
"SHOW CREATE TABLE t_testref;"
"SHOW CREATE TABLE t_testtype;"
"SHOW CREATE TABLE t_test_backup;"
"SHOW CREATE TABLE t_test_tat;"
"SHOW CREATE TABLE t_worklist;"
"SHOW CREATE TABLE t_worklistdetail;"
"SHOW CREATE TABLE t_worklistdetailv2;"
"SHOW CREATE TABLE t_worklist_confirm;"
"SHOW CREATE TABLE t_worklist_ref_confirm;"
"SHOW CREATE TABLE t_worklist_ref_confirmdetail;"
"SHOW CREATE TABLE usergroup_report;"
"SHOW CREATE TABLE vw_medical_history_left_right;"
"SHOW CREATE TABLE vw_ss_price_mou_dobel;"
"SHOW CREATE TABLE wa_greeting;"
"SHOW CREATE TABLE wa_tracking;"
"SHOW CREATE TABLE xfer_internal;"
"SHOW CREATE TABLE xfer_internaldetail;"
"SHOW CREATE TABLE xtmp;"
"SHOW CREATE TABLE xx_t_packet;"
"SHOW CREATE TABLE _backup_s_menu;"
"SHOW CREATE TABLE _cp_normalvalue;"
"SHOW CREATE TABLE _tmp_price;"
"SHOW CREATE TABLE _x_check1;"
"SHOW CREATE TABLE _x_check2;"
"SHOW CREATE TABLE _zz_m_preschedulepromise;"
"SHOW CREATE TABLE _z_sampling_preanalitic;"
"SHOW CREATE TABLE __not_used_fo_verification;"
"SHOW CREATE TABLE __not_used_m_schedule_day;"
"SHOW CREATE TABLE __old_m_patient;"
"SHOW CREATE TABLE __old_m_patientaddress;"
"SHOW CREATE TABLE __t_ordertx;"
"SHOW CREATE TABLE __zf_payment_kasir_order;"
"SHOW CREATE TABLE __zz_m_preschedule;"
"SHOW CREATE TABLE __zz_m_schedule_day;"
"SHOW CREATE TABLE __z_bkp_nat_test;"
"SHOW CREATE TABLE __z_bkp_t_test;"
